Workbook

Sheet Dashboard
A1: BUG QUALITY DASHBOARD
A3: Tổng quan chất lượng code & tiến độ xử lý issue | Lấy dữ liệu tự động từ sheet Bug Log
A4: CẬP NHẬT TỰ ĐỘNG KHI THÊM BUG • Không nhập liệu tại trang này • Trạng thái đang mở = mọi trạng thái trừ Closed / Duplicate / Won't Fix
A6: TỔNG BUG | D6: CHƯA ĐÓNG | G6: ĐANG QUÁ HẠN | J6: ĐÃ ĐÓNG
A7: =COUNTIF('Bug Log'!$A$7:$A$306,"<>") -> 8 | D7: =COUNTIF('Bug Log'!$A$7:$A$306,"<>")-COUNTIFS('Bug Log'!$A$7:$A$306,"<>",'Bug Log'!$G$7:$G$306,"Closed")-COUNTIFS('Bug Log'!$A$7:$A$306,"<>",'Bug Log'!$G$7:$G$306,"Duplicate")-COUNTIFS('Bug Log'!$A$7:$A$306,"<>",'Bug Log'!$G$7:$G$306,"Won't Fix") -> 8 | G7: =COUNTIFS('Bug Log'!$A$7:$A$306,"<>",'Bug Log'!$Q$7:$Q$306,"Quá hạn") -> 2 | J7: =COUNTIFS('Bug Log'!$A$7:$A$306,"<>",'Bug Log'!$G$7:$G$306,"Closed") -> 0
A11: BLOCKER + CRITICAL | D11: CHỜ RETEST | G11: TỶ LỆ ĐÓNG | J11: TUỔI BUG TB (NGÀY)
A12: =COUNTIFS('Bug Log'!$A$7:$A$306,"<>",'Bug Log'!$E$7:$E$306,"Blocker")+COUNTIFS('Bug Log'!$A$7:$A$306,"<>",'Bug Log'!$E$7:$E$306,"Critical") -> 3 | D12: =COUNTIFS('Bug Log'!$A$7:$A$306,"<>",'Bug Log'!$G$7:$G$306,"Retest") -> 0 | G12: =IFERROR(COUNTIFS('Bug Log'!$A$7:$A$306,"<>",'Bug Log'!$G$7:$G$306,"Closed")/COUNTIF('Bug Log'!$A$7:$A$306,"<>"),0) -> 0 | J12: =IFERROR(AVERAGE('Bug Log'!$P$7:$P$306),0) -> 7
A16: TRẠNG THÁI | F16: MỨC ĐỘ ẢNH HƯỞNG | J16: ĐỘ ƯU TIÊN
A17: Status | B17: Số lượng | C17: Tỷ lệ | F17: Severity | G17: Số lượng | H17: Tỷ lệ | J17: Priority | K17: Số lượng | L17: Tỷ lệ
A18: New | B18: =COUNTIFS('Bug Log'!$A$7:$A$306,"<>",'Bug Log'!$G$7:$G$306,A18) -> 6 | C18: =IFERROR(B18/$A$7,0) -> 0.75 | F18: Blocker | G18: =COUNTIFS('Bug Log'!$A$7:$A$306,"<>",'Bug Log'!$E$7:$E$306,F18) -> 1 | H18: =IFERROR(G18/$A$7,0) -> 0.125 | J18: P0 - Khẩn cấp | K18: =COUNTIFS('Bug Log'!$A$7:$A$306,"<>",'Bug Log'!$F$7:$F$306,J18) -> 1 | L18: =IFERROR(K18/$A$7,0) -> 0.125
A19: Triaged | B19: =COUNTIFS('Bug Log'!$A$7:$A$306,"<>",'Bug Log'!$G$7:$G$306,A19) -> 2 | C19: =IFERROR(B19/$A$7,0) -> 0.25 | F19: Critical | G19: =COUNTIFS('Bug Log'!$A$7:$A$306,"<>",'Bug Log'!$E$7:$E$306,F19) -> 2 | H19: =IFERROR(G19/$A$7,0) -> 0.25 | J19: P1 - Cao | K19: =COUNTIFS('Bug Log'!$A$7:$A$306,"<>",'Bug Log'!$F$7:$F$306,J19) -> 2 | L19: =IFERROR(K19/$A$7,0) -> 0.25
A20: In Progress | B20: =COUNTIFS('Bug Log'!$A$7:$A$306,"<>",'Bug Log'!$G$7:$G$306,A20) -> 0 | C20: =IFERROR(B20/$A$7,0) -> 0 | F20: Major | G20: =COUNTIFS('Bug Log'!$A$7:$A$306,"<>",'Bug Log'!$E$7:$E$306,F20) -> 1 | H20: =IFERROR(G20/$A$7,0) -> 0.125 | J20: P2 - Trung bình | K20: =COUNTIFS('Bug Log'!$A$7:$A$306,"<>",'Bug Log'!$F$7:$F$306,J20) -> 3 | L20: =IFERROR(K20/$A$7,0) -> 0.375
A21: Fixed | B21: =COUNTIFS('Bug Log'!$A$7:$A$306,"<>",'Bug Log'!$G$7:$G$306,A21) -> 0 | C21: =IFERROR(B21/$A$7,0) -> 0 | F21: Minor | G21: =COUNTIFS('Bug Log'!$A$7:$A$306,"<>",'Bug Log'!$E$7:$E$306,F21) -> 4 | H21: =IFERROR(G21/$A$7,0) -> 0.5 | J21: P3 - Thấp | K21: =COUNTIFS('Bug Log'!$A$7:$A$306,"<>",'Bug Log'!$F$7:$F$306,J21) -> 2 | L21: =IFERROR(K21/$A$7,0) -> 0.25
A22: Retest | B22: =COUNTIFS('Bug Log'!$A$7:$A$306,"<>",'Bug Log'!$G$7:$G$306,A22) -> 0 | C22: =IFERROR(B22/$A$7,0) -> 0 | F22: Trivial | G22: =COUNTIFS('Bug Log'!$A$7:$A$306,"<>",'Bug Log'!$E$7:$E$306,F22) -> 0 | H22: =IFERROR(G22/$A$7,0) -> 0
A23: Reopened | B23: =COUNTIFS('Bug Log'!$A$7:$A$306,"<>",'Bug Log'!$G$7:$G$306,A23) -> 0 | C23: =IFERROR(B23/$A$7,0) -> 0
A24: Closed | B24: =COUNTIFS('Bug Log'!$A$7:$A$306,"<>",'Bug Log'!$G$7:$G$306,A24) -> 0 | C24: =IFERROR(B24/$A$7,0) -> 0
A25: Won't Fix | B25: =COUNTIFS('Bug Log'!$A$7:$A$306,"<>",'Bug Log'!$G$7:$G$306,A25) -> 0 | C25: =IFERROR(B25/$A$7,0) -> 0
A26: Duplicate | B26: =COUNTIFS('Bug Log'!$A$7:$A$306,"<>",'Bug Log'!$G$7:$G$306,A26) -> 0 | C26: =IFERROR(B26/$A$7,0) -> 0
A28: PHÂN BỐ BUG THEO TRẠNG THÁI | G28: BUG THEO SEVERITY
A47: BUG THEO MODULE | F47: QUY TẮC VẬN HÀNH & GHI CHÚ
A48: Module | B48: Số bug | C48: Tỷ lệ
A49: Auth / Login | B49: =COUNTIFS('Bug Log'!$A$7:$A$306,"<>",'Bug Log'!$C$7:$C$306,A49) -> 0 | C49: =IFERROR(B49/$A$7,0) -> 0 | F49: 01 Ghi nhận lỗi ở sheet Bug Log, nhập Bug ID duy nhất.
A50: Registration | B50: =COUNTIFS('Bug Log'!$A$7:$A$306,"<>",'Bug Log'!$C$7:$C$306,A50) -> 0 | C50: =IFERROR(B50/$A$7,0) -> 0
A51: Account Management | B51: =COUNTIFS('Bug Log'!$A$7:$A$306,"<>",'Bug Log'!$C$7:$C$306,A51) -> 1 | C51: =IFERROR(B51/$A$7,0) -> 0.125
A52: Dashboard | B52: =COUNTIFS('Bug Log'!$A$7:$A$306,"<>",'Bug Log'!$C$7:$C$306,A52) -> 0 | C52: =IFERROR(B52/$A$7,0) -> 0 | F52: 02 Bổ sung bước tái hiện + expected/actual + bằng chứng.
A53: Job Board | B53: =COUNTIFS('Bug Log'!$A$7:$A$306,"<>",'Bug Log'!$C$7:$C$306,A53) -> 0 | C53: =IFERROR(B53/$A$7,0) -> 0
A54: Requisition | B54: =COUNTIFS('Bug Log'!$A$7:$A$306,"<>",'Bug Log'!$C$7:$C$306,A54) -> 2 | C54: =IFERROR(B54/$A$7,0) -> 0.25
A55: Application | B55: =COUNTIFS('Bug Log'!$A$7:$A$306,"<>",'Bug Log'!$C$7:$C$306,A55) -> 3 | C55: =IFERROR(B55/$A$7,0) -> 0.375 | F55: 03 Theo dõi trạng thái, deadline và người xử lý.
A56: AI Screening | B56: =COUNTIFS('Bug Log'!$A$7:$A$306,"<>",'Bug Log'!$C$7:$C$306,A56) -> 0 | C56: =IFERROR(B56/$A$7,0) -> 0
A57: Interview | B57: =COUNTIFS('Bug Log'!$A$7:$A$306,"<>",'Bug Log'!$C$7:$C$306,A57) -> 1 | C57: =IFERROR(B57/$A$7,0) -> 0.125
A58: Offer / Onboarding | B58: =COUNTIFS('Bug Log'!$A$7:$A$306,"<>",'Bug Log'!$C$7:$C$306,A58) -> 0 | C58: =IFERROR(B58/$A$7,0) -> 0 | F58: 04 Ghi lịch sử chỉnh sửa / retest tại sheet Lich su.
A59: Email / Notification | B59: =COUNTIFS('Bug Log'!$A$7:$A$306,"<>",'Bug Log'!$C$7:$C$306,A59) -> 0 | C59: =IFERROR(B59/$A$7,0) -> 0
A60: Database | B60: =COUNTIFS('Bug Log'!$A$7:$A$306,"<>",'Bug Log'!$C$7:$C$306,A60) -> 0 | C60: =IFERROR(B60/$A$7,0) -> 0
A61: API / Integration | B61: =COUNTIFS('Bug Log'!$A$7:$A$306,"<>",'Bug Log'!$C$7:$C$306,A61) -> 0 | C61: =IFERROR(B61/$A$7,0) -> 0 | F61: 05 Sửa xong chưa đủ: chỉ Closed sau khi retest đạt.
A62: UI / UX | B62: =COUNTIFS('Bug Log'!$A$7:$A$306,"<>",'Bug Log'!$C$7:$C$306,A62) -> 0 | C62: =IFERROR(B62/$A$7,0) -> 0
A63: Security | B63: =COUNTIFS('Bug Log'!$A$7:$A$306,"<>",'Bug Log'!$C$7:$C$306,A63) -> 0 | C63: =IFERROR(B63/$A$7,0) -> 0
A64: Other | B64: =COUNTIFS('Bug Log'!$A$7:$A$306,"<>",'Bug Log'!$C$7:$C$306,A64) -> 1 | C64: =IFERROR(B64/$A$7,0) -> 0.125 | F64: Chú ý: chỉ số «Tuổi bug TB» dùng ngày phát hiện đến ngày đóng (nếu đã đóng), hoặc đến hôm nay (nếu chưa đóng).

Sheet Bug Log
A1: BUG TRACKER / ISSUE REGISTER
A3: Nhập một bug trên một dòng • Chọn dropdown để giữ dữ liệu nhất quán • Cột P và Q tự tính • Dashboard tự tổng hợp
A4: QUY TRÌNH New → Triaged → In Progress → Fixed → Retest → Closed | Nếu lỗi tái xuất hiện: Reopened
A6: Bug ID | B6: Tiêu đề lỗi | C6: Module | D6: Loại lỗi | E6: Severity | F6: Priority | G6: Status | H6: Môi trường | I6: Branch / Build | J6: Người phát hiện | K6: Người xử lý | L6: Ngày phát hiện | M6: Deadline | N6: Ngày fix | O6: Ngày đóng | P6: Tuổi bug (ngày) | Q6: Theo dõi hạn | R6: Số lần reopen | S6: Các bước tái hiện | T6: Kết quả thực tế | U6: Kết quả mong đợi | V6: Link bằng chứng | W6: Commit / PR | X6: Nguyên nhân gốc | Y6: Ghi chú / Regression
A7: B01 | B7: Candidate truy cập requisition lỗi 500 thay vì 403 | C7: Requisition | D7: sai mã lỗi | E7: Minor | F7: P3 - Thấp | G7: Triaged | H7: Local | J7: Linh | L7: 46313 | M7: 46313 | P7: =IF(A7="","",IF(L7="","",MAX(0,IF(O7<>"",O7,TODAY())-L7))) -> 7 | Q7: =IF(A7="","",IF(OR(G7="Closed",G7="Duplicate",G7="Won't Fix"),"Hoàn tất",IF(M7="","Chưa đặt hạn",IF(TODAY()>M7,"Quá hạn",IF(TODAY()=M7,"Đến hạn","Trong hạn"))))) -> Quá hạn | S7: 1. login with candidate account 2. access to /requisition | T7: 500 eror | U7: 403
A8: B02 | B8: HR k vào vào đc /internal/job-posting theo get | C8: Requisition | D8: Functional | E8: Critical | F8: P1 - Cao | G8: New | H8: Local | J8: Linh | L8: 46313 | M8: 46313 | P8: =IF(A8="","",IF(L8="","",MAX(0,IF(O8<>"",O8,TODAY())-L8))) -> 7 | Q8: =IF(A8="","",IF(OR(G8="Closed",G8="Duplicate",G8="Won't Fix"),"Hoàn tất",IF(M8="","Chưa đặt hạn",IF(TODAY()>M8,"Quá hạn",IF(TODAY()=M8,"Đến hạn","Trong hạn"))))) -> Quá hạn
A9: B03 | B9: chưa cấu hình get /interviews/1/final-result | C9: Interview | D9: Sai mã lỗi | E9: Minor | F9: P3 - Thấp | G9: Triaged | H9: Local | J9: Linh | L9: 46313 | P9: =IF(A9="","",IF(L9="","",MAX(0,IF(O9<>"",O9,TODAY())-L9))) -> 7 | Q9: =IF(A9="","",IF(OR(G9="Closed",G9="Duplicate",G9="Won't Fix"),"Hoàn tất",IF(M9="","Chưa đặt hạn",IF(TODAY()>M9,"Quá hạn",IF(TODAY()=M9,"Đến hạn","Trong hạn"))))) -> Chưa đặt hạn
A10: B04 | B10: Thông báo khi anh khi update thông tin trùng | C10: Account Management | D10: UI / UX | E10: Minor | F10: P2 - Trung bình | G10: New | H10: Local | J10: Linh | P10: =IF(A10="","",IF(L10="","",MAX(0,IF(O10<>"",O10,TODAY())-L10))) | Q10: =IF(A10="","",IF(OR(G10="Closed",G10="Duplicate",G10="Won't Fix"),"Hoàn tất",IF(M10="","Chưa đặt hạn",IF(TODAY()>M10,"Quá hạn",IF(TODAY()=M10,"Đến hạn","Trong hạn"))))) -> Chưa đặt hạn
A11: B05 | B11: HM khác login xem application k ném lỗi 403 mà là cho xem nma ko có list appli | C11: Application | D11: Functional | E11: Major | F11: P2 - Trung bình | G11: New | H11: Local | P11: =IF(A11="","",IF(L11="","",MAX(0,IF(O11<>"",O11,TODAY())-L11))) | Q11: =IF(A11="","",IF(OR(G11="Closed",G11="Duplicate",G11="Won't Fix"),"Hoàn tất",IF(M11="","Chưa đặt hạn",IF(TODAY()>M11,"Quá hạn",IF(TODAY()=M11,"Đến hạn","Trong hạn"))))) -> Chưa đặt hạn
A12: B05 | B12: http://localhost:8081/talent-pool/jobs/8/suggest lỗi 500 | C12: Application | D12: Functional | E12: Critical | F12: P1 - Cao | G12: New | H12: Local | P12: =IF(A12="","",IF(L12="","",MAX(0,IF(O12<>"",O12,TODAY())-L12))) | Q12: =IF(A12="","",IF(OR(G12="Closed",G12="Duplicate",G12="Won't Fix"),"Hoàn tất",IF(M12="","Chưa đặt hạn",IF(TODAY()>M12,"Quá hạn",IF(TODAY()=M12,"Đến hạn","Trong hạn"))))) -> Chưa đặt hạn
A13: B06 | B13: Lỗi FE khi bấm đóng dợt tuyể | C13: Application | D13: UI / UX | E13: Minor | F13: P2 - Trung bình | G13: New | H13: Local | P13: =IF(A13="","",IF(L13="","",MAX(0,IF(O13<>"",O13,TODAY())-L13))) | Q13: =IF(A13="","",IF(OR(G13="Closed",G13="Duplicate",G13="Won't Fix"),"Hoàn tất",IF(M13="","Chưa đặt hạn",IF(TODAY()>M13,"Quá hạn",IF(TODAY()=M13,"Đến hạn","Trong hạn"))))) -> Chưa đặt hạn
A14: B07 | B14: lỗi mất kết nối sever | C14: Other | D14: Performance | E14: Blocker | F14: P0 - Khẩn cấp | G14: New | H14: Local | P14: =IF(A14="","",IF(L14="","",MAX(0,IF(O14<>"",O14,TODAY())-L14))) | Q14: =IF(A14="","",IF(OR(G14="Closed",G14="Duplicate",G14="Won't Fix"),"Hoàn tất",IF(M14="","Chưa đặt hạn",IF(TODAY()>M14,"Quá hạn",IF(TODAY()=M14,"Đến hạn","Trong hạn"))))) -> Chưa đặt hạn
P15: =IF(A15="","",IF(L15="","",MAX(0,IF(O15<>"",O15,TODAY())-L15))) | Q15: =IF(A15="","",IF(OR(G15="Closed",G15="Duplicate",G15="Won't Fix"),"Hoàn tất",IF(M15="","Chưa đặt hạn",IF(TODAY()>M15,"Quá hạn",IF(TODAY()=M15,"Đến hạn","Trong hạn")))))
P16: =IF(A16="","",IF(L16="","",MAX(0,IF(O16<>"",O16,TODAY())-L16))) | Q16: =IF(A16="","",IF(OR(G16="Closed",G16="Duplicate",G16="Won't Fix"),"Hoàn tất",IF(M16="","Chưa đặt hạn",IF(TODAY()>M16,"Quá hạn",IF(TODAY()=M16,"Đến hạn","Trong hạn")))))
P17: =IF(A17="","",IF(L17="","",MAX(0,IF(O17<>"",O17,TODAY())-L17))) | Q17: =IF(A17="","",IF(OR(G17="Closed",G17="Duplicate",G17="Won't Fix"),"Hoàn tất",IF(M17="","Chưa đặt hạn",IF(TODAY()>M17,"Quá hạn",IF(TODAY()=M17,"Đến hạn","Trong hạn")))))
P18: =IF(A18="","",IF(L18="","",MAX(0,IF(O18<>"",O18,TODAY())-L18))) | Q18: =IF(A18="","",IF(OR(G18="Closed",G18="Duplicate",G18="Won't Fix"),"Hoàn tất",IF(M18="","Chưa đặt hạn",IF(TODAY()>M18,"Quá hạn",IF(TODAY()=M18,"Đến hạn","Trong hạn")))))
P19: =IF(A19="","",IF(L19="","",MAX(0,IF(O19<>"",O19,TODAY())-L19))) | Q19: =IF(A19="","",IF(OR(G19="Closed",G19="Duplicate",G19="Won't Fix"),"Hoàn tất",IF(M19="","Chưa đặt hạn",IF(TODAY()>M19,"Quá hạn",IF(TODAY()=M19,"Đến hạn","Trong hạn")))))
P20: =IF(A20="","",IF(L20="","",MAX(0,IF(O20<>"",O20,TODAY())-L20))) | Q20: =IF(A20="","",IF(OR(G20="Closed",G20="Duplicate",G20="Won't Fix"),"Hoàn tất",IF(M20="","Chưa đặt hạn",IF(TODAY()>M20,"Quá hạn",IF(TODAY()=M20,"Đến hạn","Trong hạn")))))
P21: =IF(A21="","",IF(L21="","",MAX(0,IF(O21<>"",O21,TODAY())-L21))) | Q21: =IF(A21="","",IF(OR(G21="Closed",G21="Duplicate",G21="Won't Fix"),"Hoàn tất",IF(M21="","Chưa đặt hạn",IF(TODAY()>M21,"Quá hạn",IF(TODAY()=M21,"Đến hạn","Trong hạn")))))
P22: =IF(A22="","",IF(L22="","",MAX(0,IF(O22<>"",O22,TODAY())-L22))) | Q22: =IF(A22="","",IF(OR(G22="Closed",G22="Duplicate",G22="Won't Fix"),"Hoàn tất",IF(M22="","Chưa đặt hạn",IF(TODAY()>M22,"Quá hạn",IF(TODAY()=M22,"Đến hạn","Trong hạn")))))
P23: =IF(A23="","",IF(L23="","",MAX(0,IF(O23<>"",O23,TODAY())-L23))) | Q23: =IF(A23="","",IF(OR(G23="Closed",G23="Duplicate",G23="Won't Fix"),"Hoàn tất",IF(M23="","Chưa đặt hạn",IF(TODAY()>M23,"Quá hạn",IF(TODAY()=M23,"Đến hạn","Trong hạn")))))
P24: =IF(A24="","",IF(L24="","",MAX(0,IF(O24<>"",O24,TODAY())-L24))) | Q24: =IF(A24="","",IF(OR(G24="Closed",G24="Duplicate",G24="Won't Fix"),"Hoàn tất",IF(M24="","Chưa đặt hạn",IF(TODAY()>M24,"Quá hạn",IF(TODAY()=M24,"Đến hạn","Trong hạn")))))
P25: =IF(A25="","",IF(L25="","",MAX(0,IF(O25<>"",O25,TODAY())-L25))) | Q25: =IF(A25="","",IF(OR(G25="Closed",G25="Duplicate",G25="Won't Fix"),"Hoàn tất",IF(M25="","Chưa đặt hạn",IF(TODAY()>M25,"Quá hạn",IF(TODAY()=M25,"Đến hạn","Trong hạn")))))
P26: =IF(A26="","",IF(L26="","",MAX(0,IF(O26<>"",O26,TODAY())-L26))) | Q26: =IF(A26="","",IF(OR(G26="Closed",G26="Duplicate",G26="Won't Fix"),"Hoàn tất",IF(M26="","Chưa đặt hạn",IF(TODAY()>M26,"Quá hạn",IF(TODAY()=M26,"Đến hạn","Trong hạn")))))
... P306: =IF(A306="","",IF(L306="","",MAX(0,IF(O306<>"",O306,TODAY())-L306))) | Q306: =IF(A306="","",IF(OR(G306="Closed",G306="Duplicate",G306="Won't Fix"),"Hoàn tất",IF(M306="","Chưa đặt hạn",IF(TODAY()>M306,"Quá hạn",IF(TODAY()=M306,"Đến hạn","Trong hạn")))))

Sheet Lich su
A1: LỊCH SỬ XỬ LÝ BUG
A3: Một cập nhật = một dòng • Ghi lại chuyển trạng thái, retest, trao đổi và bằng chứng • Liên kết bằng Bug ID
A4: Ví dụ: BUG-0001 | 18/10/2026 | Status changed | In Progress → Fixed | Linh | Sửa validate email tại RegisterService
A6: Bug ID | B6: Thời điểm | C6: Sự kiện | D6: Status cũ | E6: Status mới | F6: Người cập nhật | G6: Nội dung thay đổi / Kết quả retest | H6: Link bằng chứng | I6: Commit / PR

Sheet DanhMuc
A1: DANH MỤC & QUY ƯỚC
A3: Các giá trị chuẩn cho dropdown. Sửa danh mục nếu workflow nhóm khác.
A4: Module | B4: Loai loi | C4: Severity | D4: Priority | E4: Status | F4: Moi truong | G4: Su kien
A5: Auth / Login | B5: Functional | C5: Blocker | D5: P0 - Khẩn cấp | E5: New | F5: Local | G5: Reported
A6: Registration | B6: UI / UX | C6: Critical | D6: P1 - Cao | E6: Triaged | F6: Dev | G6: Triaged
A7: Account Management | B7: Validation | C7: Major | D7: P2 - Trung bình | E7: In Progress | F7: QA / Test | G7: Assigned
A8: Dashboard | B8: Security | C8: Minor | D8: P3 - Thấp | E8: Fixed | F8: Staging | G8: Status changed
A9: Job Board | B9: Performance | C9: Trivial | E9: Retest | F9: Production | G9: Fix committed
A10: Requisition | B10: Database | E10: Reopened | G10: Retest passed
A11: Application | B11: Integration | E11: Closed | G11: Retest failed
A12: AI Screening | B12: Compatibility | E12: Won't Fix | G12: Comment
A13: Interview | B13: Other | E13: Duplicate | G13: Closed
A14: Offer / Onboarding
A15: Email / Notification
A16: Database
A17: API / Integration
A18: UI / UX
A19: Security
A20: Other
A24: Severity = mức ảnh hưởng • Priority = thứ tự sửa • Status = tiến độ • ID giữ cố định, không đổi khi sắp xếp.
A26: Lưu ý: các menu chọn dùng phạm vi danh mục tại sheet này; có thể bổ sung giá trị vào các ô trống trong phạm vi.

Sheet Huong dan
A1: HƯỚNG DẪN SỬ DỤNG BUG TRACKER
A3: Thiết kế cho lập trình viên / tester / nhóm đồ án • Một file thống nhất từ phát hiện lỗi đến regression test
A5: 01 / BẮT ĐẦU TRONG 5 BƯỚC
A6: 1. Tạo Bug ID | C6: Trong Bug Log, nhập BUG-0001, BUG-0002... cho từng lỗi. ID là định danh cố định, không tạo bằng ROW() vì có thể sort.
A8: 2. Mô tả bug | C8: Điền Tiêu đề lỗi, Module, Loại lỗi, Severity, Priority, Status = New, môi trường, build/branch và ngày phát hiện.
A10: 3. Đưa bằng chứng | C10: Điền các bước tái hiện có đánh số; kết quả thực tế và kết quả mong đợi; dán link screenshot/log/video.
A12: 4. Phân công & sửa | C12: Điền người xử lý, deadline; chuyển In Progress → Fixed khi đã commit; dán commit SHA hoặc URL Pull Request.
A14: 5. Kiểm tra & đóng | C14: Người test chuyển Retest, xác nhận hết lỗi → Closed; nếu lỗi lặp lại → Reopened và tăng số lần reopen.
A17: 02 / PHÂN BIỆT SEVERITY, PRIORITY VÀ STATUS
A18: Severity | B18: Ý nghĩa | C18: Ví dụ | E18: Priority | F18: Ý nghĩa | G18: Ví dụ
A19: Blocker | B19: Hệ thống / luồng chính không dùng được | C19: App không khởi động | E19: P0 - Khẩn cấp | F19: Sửa ngay | G19: Login toàn hệ thống lỗi
A20: Critical | B20: Mất dữ liệu / lỗ hổng nghiêm trọng | C20: Lộ tài khoản, ghi sai DB | E20: P1 - Cao | F20: Sửa ở sprint hiện tại | G20: Không thể gửi đơn ứng tuyển
A21: Major | B21: Tính năng chính lỗi, có thể workaround | C21: Quên mật khẩu không gửi mail | E21: P2 - Trung bình | F21: Sửa theo kế hoạch | G21: Bộ lọc tìm kiếm lệch kết quả
A22: Minor | B22: Ảnh hưởng nhỏ | C22: Thông báo sai chính tả | E22: P3 - Thấp | F22: Có thể xếp sau | G22: Khoảng cách icon chưa đẹp
A23: Trivial | B23: Thẩm mỹ rất nhỏ | C23: Border thiếu 1 px
A25: 03 / TRẠNG THÁI ĐỀ XUẤT
A26: New | B26: Mới phát hiện, chưa đánh giá | E26: Triaged | F26: Đã xác định hợp lệ / mức độ / người xử lý
A27: In Progress | B27: Dev đang điều tra hoặc sửa | E27: Fixed | F27: Dev đã sửa, có commit/PR để đối chiếu
A28: Retest | B28: Tester kiểm tra bản sửa | E28: Reopened | F28: Retest fail hoặc lỗi tái xuất hiện
A29: Closed | B29: Tester xác nhận pass / kết thúc | E29: Duplicate | F29: Trùng Bug ID khác
A30: Won't Fix | B30: Có lý do rõ ràng để không sửa
A33: 04 / VÍ DỤ GHI NHẬN (MINH HỌA — KHÔNG LÀM BẨN DASHBOARD)
A34: Bug ID | C34: BUG-0001
A35: Tiêu đề | C35: Đăng nhập sai mật khẩu nhưng vẫn chuyển sang dashboard
A36: Thông tin | C36: Module: Auth / Login | Loại: Security | Severity: Critical | Priority: P1 - Cao
A37: Các bước | C37: 1) Mở /login 2) Nhập email đúng và mật khẩu sai 3) Nhấn Đăng nhập
A38: Actual / Expected | C38: Actual: chuyển dashboard | Expected: ở trang login và báo sai thông tin.
A39: Evidence / Fix | C39: Link screenshot hoặc log | Link commit/PR khi đã sửa
A41: 05 / LƯU Ý ĐỂ DỮ LIỆU SẠCH
A42: • Cột màu xanh nhạt trong Bug Log (P: Tuổi bug, Q: Theo dõi hạn) là công thức; không nhập đè.
A43: • Ngày phát hiện / deadline / ngày fix / ngày đóng phải là ô ngày Excel, không phải chuỗi văn bản.
A44: • Dashboard mặc định đọc tối đa 300 bug (dòng 7–306). Khi vượt số này, mở rộng công thức và bảng theo cùng phạm vi.
A45: • Mỗi lần thay trạng thái quan trọng, thêm 1 dòng ở Lich su để tránh mất thông tin trước–sau.
A46: • Dán đường dẫn GitHub Issue, Jira, screenshot, log, Pull Request ngay tại từng bug để truy vết.
